{
    "niv1": [
        {
            "label": "global",
            "niv2": [
                {
                    "label": "Population totale",
                    "indicateur": "pop",
                    "niv3": [
                        {
                            "label": "Population totale",
                            "modalite": "0",
                            "color": "#000093",
                            "mode_de_representation": [
                                {
                                    "class": "part",
                                    "label": "d",
                                    "action": "choro"
                                },
                                {
                                    "class": "nb",
                                    "label": "nb",
                                    "action": "prop"
                                },
                                {
                                    "class": "flow",
                                    "label": "",
                                    "action": "flow"
                                }
                            ]
                        }
                    ]
                },
                {
                    "label": "Résidents/non-résidents",
                    "indicateur": "res",
                    "niv3": [
                        {
                            "label": "Résidents",
                            "modalite": "2",
                            "color": "#97bc59",
                            "mode_de_representation": [
                                {
                                    "class": "part",
                                    "label": "%",
                                    "action": "choro"
                                },
                                {
                                    "class": "nb",
                                    "label": "nb",
                                    "action": "prop"
                                }
                            ]
                        },
                        {
                            "label": "Non-résidents",
                            "modalite": "1",
                            "color": "#f8bd08",
                            "mode_de_representation": [
                                {
                                    "class": "part",
                                    "label": "%",
                                    "action": "choro"
                                },
                                {
                                    "class": "nb",
                                    "label": "nb",
                                    "action": "prop"
                                }
                            ]
                        }
                    ]
                }
            ]
        },
        {
            "label": "profilDemo",
            "niv2": [
                {
                    "label": "Groupe d'âge",
                    "indicateur": "ageqc",
                    "niv3": [
                        {
                            "label": "65 ans et +",
                            "modalite": "4",
                            "color": "#816c53",
                            "mode_de_representation": [
                                {
                                    "class": "part",
                                    "label": "%",
                                    "action": "choro"
                                },
                                {
                                    "class": "nb",
                                    "label": "nb",
                                    "action": "prop"
                                },
                                {
                                    "class": "flow",
                                    "label": "",
                                    "action": "flow"
                                }
                            ]
                        },
                        {
                            "label": "35-64 ans",
                            "modalite": "3",
                            "color": "#67539b",
                            "mode_de_representation": [
                                {
                                    "class": "part",
                                    "label": "%",
                                    "action": "choro"
                                },
                                {
                                    "class": "nb",
                                    "label": "nb",
                                    "action": "prop"
                                },
                                {
                                    "class": "flow",
                                    "label": "",
                                    "action": "flow"
                                }
                            ]
                        },
                        {
                            "label": "25-34 ans",
                            "modalite": "2",
                            "color": "#e9621d",
                            "mode_de_representation": [
                                {
                                    "class": "part",
                                    "label": "%",
                                    "action": "choro"
                                },
                                {
                                    "class": "nb",
                                    "label": "nb",
                                    "action": "prop"
                                },
                                {
                                    "class": "flow",
                                    "label": "",
                                    "action": "flow"
                                }
                            ]
                        },
                        {
                            "label": "15-24 ans",
                            "modalite": "1",
                            "color": "#da0846",
                            "mode_de_representation": [
                                {
                                    "class": "part",
                                    "label": "%",
                                    "action": "choro"
                                },
                                {
                                    "class": "nb",
                                    "label": "nb",
                                    "action": "prop"
                                },
                                {
                                    "class": "flow",
                                    "label": "",
                                    "action": "flow"
                                }
                            ]
                        }
                    ]
                },
                {
                    "label": "Sexe",
                    "indicateur": "sex",
                    "niv3": [
                        {
                            "label": "Femmes",
                            "modalite": "2",
                            "color": "#47b291",
                            "mode_de_representation": [
                                {
                                    "class": "part",
                                    "label": "%",
                                    "action": "choro"
                                },
                                {
                                    "class": "nb",
                                    "label": "nb",
                                    "action": "prop"
                                },
                                {
                                    "class": "flow",
                                    "label": "",
                                    "action": "flow"
                                }
                            ]
                        },
                        {
                            "label": "Hommes",
                            "modalite": "1",
                            "color": "#4e3e8e",
                            "mode_de_representation": [
                                {
                                    "class": "part",
                                    "label": "%",
                                    "action": "choro"
                                },
                                {
                                    "class": "nb",
                                    "label": "nb",
                                    "action": "prop"
                                },
                                {
                                    "class": "flow",
                                    "label": "",
                                    "action": "flow"
                                }
                            ]
                        }
                    ]
                }
            ]
        },
        {
            "label": "profilSocial",
            "niv2": [
                {
                    "label": "Occupation principale",
                    "indicateur": "occ",
                    "niv3": [
                        {
                            "label": "Inactifs",
                            "modalite": "5",
                            "color": "#f8bd08",
                            "mode_de_representation": [
                                {
                                    "class": "part",
                                    "label": "%",
                                    "action": "choro"
                                },
                                {
                                    "class": "nb",
                                    "label": "nb",
                                    "action": "prop"
                                },
                                {
                                    "class": "flow",
                                    "label": "",
                                    "action": "flow"
                                }
                            ]
                        },
                        {
                            "label": "Retraités",
                            "modalite": "4",
                            "color": "#957c60",
                            "mode_de_representation": [
                                {
                                    "class": "part",
                                    "label": "%",
                                    "action": "choro"
                                },
                                {
                                    "class": "nb",
                                    "label": "nb",
                                    "action": "prop"
                                },
                                {
                                    "class": "flow",
                                    "label": "",
                                    "action": "flow"
                                }
                            ]
                        },
                        {
                            "label": "Sans emploi",
                            "modalite": "3",
                            "color": "#586aa3",
                            "mode_de_representation": [
                                {
                                    "class": "part",
                                    "label": "%",
                                    "action": "choro"
                                },
                                {
                                    "class": "nb",
                                    "label": "nb",
                                    "action": "prop"
                                },
                                {
                                    "class": "flow",
                                    "label": "",
                                    "action": "flow"
                                }
                            ]
                        },
                        {
                            "label": "Étudiants",
                            "modalite": "2",
                            "color": "#97bc59",
                            "mode_de_representation": [
                                {
                                    "class": "part",
                                    "label": "%",
                                    "action": "choro"
                                },
                                {
                                    "class": "nb",
                                    "label": "nb",
                                    "action": "prop"
                                },
                                {
                                    "class": "flow",
                                    "label": "",
                                    "action": "flow"
                                }
                            ]
                        },
                        {
                            "label": "Actifs",
                            "modalite": "1",
                            "color": "#e4406e",
                            "mode_de_representation": [
                                {
                                    "class": "part",
                                    "label": "%",
                                    "action": "choro"
                                },
                                {
                                    "class": "nb",
                                    "label": "nb",
                                    "action": "prop"
                                },
                                {
                                    "class": "flow",
                                    "label": "",
                                    "action": "flow"
                                }
                            ]
                        }
                    ]
                }
            ]
        },
        {
            "label": "activiteTransport",
            "niv2": [
                {
                    "label": "Activité réalisée",
                    "indicateur": "act",
                    "niv3": [
                        {
                            "label": "Loisirs",
                            "modalite": "5",
                            "color": "#7e3a61",
                            "mode_de_representation": [
                                {
                                    "class": "part",
                                    "label": "%",
                                    "action": "choro"
                                },
                                {
                                    "class": "nb",
                                    "label": "nb",
                                    "action": "prop"
                                },
                                {
                                    "class": "flow",
                                    "label": "",
                                    "action": "flow"
                                }
                            ]
                        },
                        {
                            "label": "Achats",
                            "modalite": "4",
                            "color": "#e7564d",
                            "mode_de_representation": [
                                {
                                    "class": "part",
                                    "label": "%",
                                    "action": "choro"
                                },
                                {
                                    "class": "nb",
                                    "label": "nb",
                                    "action": "prop"
                                },
                                {
                                    "class": "flow",
                                    "label": "",
                                    "action": "flow"
                                }
                            ]
                        },
                        {
                            "label": "Études",
                            "modalite": "3",
                            "color": "#379fac",
                            "mode_de_representation": [
                                {
                                    "class": "part",
                                    "label": "%",
                                    "action": "choro"
                                },
                                {
                                    "class": "nb",
                                    "label": "nb",
                                    "action": "prop"
                                },
                                {
                                    "class": "flow",
                                    "label": "",
                                    "action": "flow"
                                }
                            ]
                        },
                        {
                            "label": "Travail",
                            "modalite": "2",
                            "color": "#76ad71",
                            "mode_de_representation": [
                                {
                                    "class": "part",
                                    "label": "%",
                                    "action": "choro"
                                },
                                {
                                    "class": "nb",
                                    "label": "nb",
                                    "action": "prop"
                                },
                                {
                                    "class": "flow",
                                    "label": "",
                                    "action": "flow"
                                }
                            ]
                        },
                        {
                            "label": "À la maison",
                            "modalite": "1",
                            "color": "#17297c",
                            "mode_de_representation": [
                                {
                                    "class": "part",
                                    "label": "%",
                                    "action": "choro"
                                },
                                {
                                    "class": "nb",
                                    "label": "nb",
                                    "action": "prop"
                                }
                            ]
                        }
                    ]
                },
                {
                    "label": "Dernier mode de transport utilisé",
                    "indicateur": "mode",
                    "niv3": [
                        {
                            "label": "Mode doux",
                            "modalite": "3",
                            "color": "#3d8966",
                            "mode_de_representation": [
                                {
                                    "class": "part",
                                    "label": "%",
                                    "action": "choro"
                                },
                                {
                                    "class": "nb",
                                    "label": "nb",
                                    "action": "prop"
                                },
                                {
                                    "class": "flow",
                                    "label": "",
                                    "action": "flow"
                                }
                            ]
                        },
                        {
                            "label": "Véhicule motorisé individuel",
                            "modalite": "2",
                            "color": "#b44185",
                            "mode_de_representation": [
                                {
                                    "class": "part",
                                    "label": "%",
                                    "action": "choro"
                                },
                                {
                                    "class": "nb",
                                    "label": "nb",
                                    "action": "prop"
                                },
                                {
                                    "class": "flow",
                                    "label": "",
                                    "action": "flow"
                                }
                            ]
                        },
                        {
                            "label": "Transports collectifs",
                            "modalite": "1",
                            "color": "#008eaa",
                            "mode_de_representation": [
                                {
                                    "class": "part",
                                    "label": "%",
                                    "action": "choro"
                                },
                                {
                                    "class": "nb",
                                    "label": "nb",
                                    "action": "prop"
                                },
                                {
                                    "class": "flow",
                                    "label": "",
                                    "action": "flow"
                                }
                            ]
                        }
                    ]
                }
            ]
        }
    ]
}

